{
    "catboost": {
        "MAE": 0.9983948031714203,
        "MSE": 1.3442731254264892,
        "R2": -0.017412426971125106
    },
    "catboostregressor": {
        "MAE": 0.9924326503448697,
        "MSE": 1.3220940054583403,
        "R2": -0.0006261713746524844
    },
    "elasticnet_regression": {
        "MAE": 0.99250173595,
        "MSE": 1.3218204387668906,
        "R2": -0.000419122564242036
    },
    "extra_trees": {
        "MAE": 1.0035430849999998,
        "MSE": 1.3622404539964998,
        "R2": -0.031010990403539607
    },
    "gradientboostingregressor": {
        "MAE": 0.9924893245564618,
        "MSE": 1.3226230464909503,
        "R2": -0.0010265758094165633
    },
    "gradient_boosting": {
        "MAE": 0.9924893245564618,
        "MSE": 1.3226230464909503,
        "R2": -0.0010265758094165633
    },
    "lasso_regression": {
        "MAE": 0.99250173595,
        "MSE": 1.3218204387668906,
        "R2": -0.000419122564242036
    },
    "lgbmregressor": {
        "MAE": 0.994494184995166,
        "MSE": 1.3291900102891392,
        "R2": -0.005996778999060259
    },
    "lightgbm": {
        "MAE": 0.994494184995166,
        "MSE": 1.3291900102891392,
        "R2": -0.005996778999060259
    },
    "linear_regression": {
        "MAE": 0.992506628922964,
        "MSE": 1.321967991443372,
        "R2": -0.000530797731918442
    },
    "randomforestregressor": {
        "MAE": 0.9924886869812304,
        "MSE": 1.3219892987313169,
        "R2": -0.0005469241418945003
    },
    "random_forest": {
        "MAE": 1.00023142,
        "MSE": 1.3493683133500003,
        "R2": -0.021268717343283283
    },
    "ridge_regression": {
        "MAE": 0.9925066386550682,
        "MSE": 1.3219678743783614,
        "R2": -0.0005307091313251355
    },
    "stackingregressor": {
        "MAE": 0.9927360199055824,
        "MSE": 1.3224538677695759,
        "R2": -0.0008985329807311704
    },
    "stacking_regressor": {
        "MAE": 0.9927867612853024,
        "MSE": 1.3224804581336749,
        "R2": -0.0009186578841904325
    },
    "votingregressor": {
        "MAE": 0.9929297216343866,
        "MSE": 1.3235994082494522,
        "R2": -0.0017655347066303229
    },
    "voting_regressor": {
        "MAE": 0.9935615337571689,
        "MSE": 1.32528192632407,
        "R2": -0.0030389476502810098
    },
    "xgboost": {
        "MAE": 1.0076528044042588,
        "MSE": 1.379322303443027,
        "R2": -0.043939379414539737
    },
    "xgbregressor": {
        "MAE": 0.9959652316112518,
        "MSE": 1.3347837496348665,
        "R2": -0.01023039775996093
    }
}