{
    "catboostregressor": {
        "MAE": 0.992409372564982,
        "MSE": 1.3221698712848786,
        "R2": -0.0006835903866393434
    },
    "gradientboostingregressor": {
        "MAE": 1.0025988269863162,
        "MSE": 1.3609274905739626,
        "R2": -0.03001727470917559
    },
    "lgbmregressor": {
        "MAE": 0.9941915802396657,
        "MSE": 1.328232801205734,
        "R2": -0.005272315794190963
    },
    "randomforestregressor": {
        "MAE": 0.9926275267379764,
        "MSE": 1.322586774152244,
        "R2": -0.0009991231084311991
    },
    "stackingregressor": {
        "MAE": 0.9926483646091842,
        "MSE": 1.3221875496478757,
        "R2": -0.0006969702466257388
    },
    "votingregressor": {
        "MAE": 0.9935092218442533,
        "MSE": 1.325856492458885,
        "R2": -0.0034738077353488883
    },
    "xgbregressor": {
        "MAE": 0.9959652316112518,
        "MSE": 1.3347837496348665,
        "R2": -0.01023039775996093
    }
}