{
    "MAE": 0.992409372564982,
    "MSE": 1.3221698712848786,
    "R2": -0.0006835903866393434
}