{
    "MAE": 0.9924326503448697,
    "MSE": 1.3220940054583403,
    "R2": -0.0006261713746524844
}