{
    "MAE": 1.0035430849999998,
    "MSE": 1.3622404539964998,
    "R2": -0.031010990403539607
}