{
    "MAE": 1.0025988269863162,
    "MSE": 1.3609274905739626,
    "R2": -0.03001727470917559
}