{
    "MAE": 0.99250173595,
    "MSE": 1.3218204387668906,
    "R2": 0.00058
}
