{
    "MAE": 0.9941915802396657,
    "MSE": 1.328232801205734,
    "R2": -0.005272315794190963
}