{
    "MAE": 0.992506628922964,
    "MSE": 1.321967991443372,
    "R2": -0.000530797731918442
}