{
    "MAE": 1.00023142,
    "MSE": 1.3493683133500003,
    "R2": -0.021268717343283283
}