{
    "MAE": 0.9924886869812304,
    "MSE": 1.3219892987313169,
    "R2": -0.0005469241418945003
}