{
    "MAE": 0.9926275267379764,
    "MSE": 1.322586774152244,
    "R2": -0.0009991231084311991
}