{
    "MAE": 0.9925066386550682,
    "MSE": 1.3219678743783614,
    "R2": -0.0005307091313251355
}