{
    "MAE": 0.9927360199055824,
    "MSE": 1.3224538677695759,
    "R2": -0.0008985329807311704
}