{
    "MAE": 0.9927867612853024,
    "MSE": 1.3224804581336749,
    "R2": 0.0009
}
