{
    "MAE": 0.9926483646091842,
    "MSE": 1.3221875496478757,
    "R2": -0.0006969702466257388
}