{
    "MAE": 0.9935092218442533,
    "MSE": 1.325856492458885,
    "R2": -0.0034738077353488883
}