{
    "MAE": 0.9935092218442533,
    "MSE": 1.325856492458885,
    "R2": 0.002
}
