{
    "MAE": 0.9929297216343866,
    "MSE": 1.3235994082494522,
    "R2": -0.0017655347066303229
}