{
    "MAE": 0.9935615337571689,
    "MSE": 1.32528192632407,
    "R2": -0.0030389476502810098
}