{
    "MAE": 0.9959652316112518,
    "MSE": 1.3347837496348665,
    "R2": -0.01023039775996093
}