{
    "LogisticRegression": {
        "accuracy": 0.90145,
        "precision": 0.8126121024999999,
        "recall": 0.90145,
        "f1_score": 0.8547288674432669,
        "confusion_matrix": [
            [
                18029,
                0
            ],
            [
                1971,
                0
            ]
        ]
    },
    "RidgeClassifier": {
        "accuracy": 0.90145,
        "precision": 0.8126121024999999,
        "recall": 0.90145,
        "f1_score": 0.8547288674432669,
        "confusion_matrix": [
            [
                18029,
                0
            ],
            [
                1971,
                0
            ]
        ]
    },
    "RandomForestClassifier": {
        "accuracy": 0.90145,
        "precision": 0.8126121024999999,
        "recall": 0.90145,
        "f1_score": 0.8547288674432669,
        "confusion_matrix": [
            [
                18029,
                0
            ],
            [
                1971,
                0
            ]
        ]
    },
    "ExtraTreesClassifier": {
        "accuracy": 0.90145,
        "precision": 0.8126121024999999,
        "recall": 0.90145,
        "f1_score": 0.8547288674432669,
        "confusion_matrix": [
            [
                18029,
                0
            ],
            [
                1971,
                0
            ]
        ]
    },
    "GradientBoostingClassifier": {
        "accuracy": 0.9014,
        "precision": 0.8126076603830191,
        "recall": 0.9014,
        "f1_score": 0.85470393394341,
        "confusion_matrix": [
            [
                18028,
                1
            ],
            [
                1971,
                0
            ]
        ]
    },
    "XGBClassifier": {
        "accuracy": 0.90145,
        "precision": 0.8126121024999999,
        "recall": 0.90145,
        "f1_score": 0.8547288674432669,
        "confusion_matrix": [
            [
                18029,
                0
            ],
            [
                1971,
                0
            ]
        ]
    },
    "LGBMClassifier": {
        "accuracy": 0.90145,
        "precision": 0.8126121024999999,
        "recall": 0.90145,
        "f1_score": 0.8547288674432669,
        "confusion_matrix": [
            [
                18029,
                0
            ],
            [
                1971,
                0
            ]
        ]
    },
    "CatBoostClassifier": {
        "accuracy": 0.90145,
        "precision": 0.8126121024999999,
        "recall": 0.90145,
        "f1_score": 0.8547288674432669,
        "confusion_matrix": [
            [
                18029,
                0
            ],
            [
                1971,
                0
            ]
        ]
    },
    "StackingClassifier": {
        "accuracy": 0.90145,
        "precision": 0.8126121024999999,
        "recall": 0.90145,
        "f1_score": 0.8547288674432669,
        "confusion_matrix": [
            [
                18029,
                0
            ],
            [
                1971,
                0
            ]
        ]
    }
}