{
    "catboost": {
        "MAE": 0.9983948031714203,
        "MSE": 1.3442731254264892,
        "R2": -0.017412426971125106
    },
    "elasticnet_regression": {
        "MAE": 0.99250173595,
        "MSE": 1.3218204387668906,
        "R2": -0.000419122564242036
    },
    "extra_trees": {
        "MAE": 1.003199095,
        "MSE": 1.3616978846844998,
        "R2": -0.03060034709744297
    },
    "gradient_boosting": {
        "MAE": 0.9924893245564618,
        "MSE": 1.3226230464909503,
        "R2": -0.0010265758094165633
    },
    "lasso_regression": {
        "MAE": 0.99250173595,
        "MSE": 1.3218204387668906,
        "R2": -0.000419122564242036
    },
    "lightgbm": {
        "MAE": 0.994494184995166,
        "MSE": 1.3291900102891392,
        "R2": -0.005996778999060259
    },
    "linear_regression": {
        "MAE": 0.992506628922964,
        "MSE": 1.321967991443372,
        "R2": -0.000530797731918442
    },
    "random_forest": {
        "MAE": 0.9981399649999999,
        "MSE": 1.3444366046435,
        "R2": -0.017536156132849978
    },
    "ridge_regression": {
        "MAE": 0.9925066386550682,
        "MSE": 1.3219678743783614,
        "R2": -0.0005307091313251355
    },
    "stacking_regressor": {
        "MAE": 0.9927910348625032,
        "MSE": 1.322524046299789,
        "R2": -0.0009516475654052226
    },
    "voting_regressor": {
        "MAE": 0.9934570484884815,
        "MSE": 1.325233277576645,
        "R2": -0.003002127870691318
    },
    "xgboost": {
        "MAE": 1.0076528044042588,
        "MSE": 1.379322303443027,
        "R2": -0.043939379414539737
    }
}