{
    "final_loss": 0.44790762662887573,
    "final_val_loss": 2.1801095008850098,
    "final_mae": 0.5237007737159729,
    "final_val_mae": 1.2131505012512207
}