{
    "MAE": 0.9983948031714203,
    "MSE": 1.3442731254264892,
    "R2": -0.017412426971125106
}