{
    "MAE": 1.003199095,
    "MSE": 1.3616978846844998,
    "R2": -0.03060034709744297
}