{
    "MAE": 0.9924893245564618,
    "MSE": 1.3226230464909503,
    "R2": -0.0010265758094165633
}