{
    "MAE": 0.994494184995166,
    "MSE": 1.3291900102891392,
    "R2": -0.005996778999060259
}