{
    "MAE": 0.9981399649999999,
    "MSE": 1.3444366046435,
    "R2": -0.017536156132849978
}