{
    "MAE": 0.9927910348625032,
    "MSE": 1.322524046299789,
    "R2": -0.0009516475654052226
}