{
    "MAE": 0.9934570484884815,
    "MSE": 1.325233277576645,
    "R2": -0.003002127870691318
}