{
    "MAE": 1.0076528044042588,
    "MSE": 1.379322303443027,
    "R2": -0.043939379414539737
}